{
  "no_cache": {
    "all_times": [
      6.356559753417969,
      6.264428615570068,
      6.308464527130127,
      6.4708898067474365,
      5.751069068908691,
      5.125668287277222,
      4.750020980834961,
      4.934974670410156,
      5.255763292312622,
      5.249887228012085,
      5.203576326370239,
      5.311722040176392,
      5.557986736297607,
      5.234594106674194,
      5.116517543792725,
      4.6804633140563965,
      4.485558032989502,
      4.428917169570923,
      4.566457748413086,
      4.573500394821167,
      6.452275514602661,
      5.688253879547119,
      6.438063144683838,
      5.949532508850098,
      5.825559854507446
    ],
    "filtered": [
      4.485558032989502,
      4.566457748413086,
      4.573500394821167,
      4.6804633140563965,
      4.750020980834961,
      4.934974670410156,
      5.116517543792725,
      5.125668287277222,
      5.203576326370239,
      5.234594106674194,
      5.249887228012085,
      5.255763292312622,
      5.311722040176392,
      5.557986736297607,
      5.688253879547119,
      5.751069068908691,
      5.825559854507446,
      5.949532508850098,
      6.264428615570068,
      6.308464527130127,
      6.356559753417969,
      6.438063144683838,
      6.452275514602661
    ],
    "mean": 5.438299894332886
  },
  "with_cache": {
    "all_times": [
      5.638520002365112,
      5.6464245319366455,
      5.6274333000183105,
      6.457627534866333,
      5.7569520473480225,
      5.1299567222595215,
      4.790605068206787,
      4.667912483215332,
      4.823430299758911,
      4.909062385559082,
      5.538031339645386,
      5.340832233428955,
      5.010280609130859,
      4.915934085845947,
      5.021223545074463,
      4.537299871444702,
      4.809420108795166,
      4.950198650360107,
      4.271117210388184,
      4.566011905670166,
      6.292351007461548,
      5.586593866348267,
      6.0113725662231445,
      5.810399055480957,
      5.475980281829834
    ],
    "filtered": [
      4.537299871444702,
      4.566011905670166,
      4.667912483215332,
      4.790605068206787,
      4.809420108795166,
      4.823430299758911,
      4.909062385559082,
      4.915934085845947,
      4.950198650360107,
      5.010280609130859,
      5.021223545074463,
      5.1299567222595215,
      5.340832233428955,
      5.475980281829834,
      5.538031339645386,
      5.586593866348267,
      5.6274333000183105,
      5.638520002365112,
      5.6464245319366455,
      5.7569520473480225,
      5.810399055480957,
      6.0113725662231445,
      6.292351007461548
    ],
    "mean": 5.254618520322054,
    "first_calls": [
      5.638520002365112,
      5.1299567222595215,
      5.538031339645386,
      4.537299871444702,
      6.292351007461548
    ],
    "first_mean": 5.435502688090007,
    "subsequent": [
      5.6464245319366455,
      5.6274333000183105,
      6.457627534866333,
      5.7569520473480225,
      4.790605068206787,
      4.667912483215332,
      4.823430299758911,
      4.909062385559082,
      5.340832233428955,
      5.010280609130859,
      4.915934085845947,
      5.021223545074463,
      4.809420108795166,
      4.950198650360107,
      4.271117210388184,
      4.566011905670166,
      5.586593866348267,
      6.0113725662231445,
      5.810399055480957,
      5.475980281829834
    ],
    "subsequent_mean": 5.206670390235053
  }
}